<?xml version="1.0" encoding="UTF-8"?>
<beans xmlns="http://www.springframework.org/schema/beans"
       xmlns:xsi="http://www.w3.org/2001/XMLSchema-instance"
       xsi:schemaLocation="http://www.springframework.org/schema/beans http://www.springframework.org/schema/beans/spring-beans.xsd">

    <!-- Define your quiz questions and answers as beans -->
    <bean id="question1" class="com.yourpackage.Question">
        <property name="id" value="1"/>
        <property name="question" value="What is the capital of France?"/>
        <property name="answers">
            <map>
                <entry key="1" value="Berlin"/>
                <entry key="2" value="Paris"/>
                <entry key="3" value="London"/>
            </map>
        </property>
        <property name="correctAnswerId" value="2"/>
    </bean>

    <!-- Add more questions here -->
    <bean id="question2" class="com.yourpackage.Question">
        <property name="id" value="2"/>
        <property name="question" value="What is the color of Banana?"/>
        <property name="answers">
            <map>
                <entry key="1" value="Red"/>
                <entry key="2" value="Blue"/>
                <entry key="3" value="Yellow"/>
            </map>
        </property>
        <property name="correctAnswerId" value="3"/>
    </bean>
    
    <bean id="question3" class="com.yourpackage.Question">
        <property name="id" value="3"/>
        <property name="question" value="What is the capital of India?"/>
        <property name="answers">
            <map>
                <entry key="1" value="Delhi"/>
                <entry key="2" value="Rajkot"/>
                <entry key="3" value="Mumbai"/>
            </map>
        </property>
        <property name="correctAnswerId" value="1"/>
    </bean>
</beans>